PLZ4;Raumtyp_Lage_bez
0106;sehr zentral
0109;sehr zentral
0110;zentral
0112;sehr zentral
0113;sehr zentral
0115;zentral
0116;sehr zentral
0118;zentral
0121;sehr zentral
0123;sehr zentral
0125;zentral
0127;sehr zentral
0130;sehr zentral
0132;sehr zentral
0144;zentral
0145;peripher
0146;zentral
0147;peripher
0155;peripher
0156;peripher
0158;peripher
0159;peripher
0160;sehr peripher
0161;peripher
0162;peripher
0164;zentral
0166;peripher
0168;peripher
0170;zentral
0172;zentral
0173;zentral
0174;peripher
0176;peripher
0177;peripher
0179;peripher
0180;zentral
0181;peripher
0182;peripher
0183;peripher
0184;peripher
0185;peripher
0187;peripher
0189;peripher
0190;peripher
0191;peripher
0192;peripher
0193;peripher
0194;peripher
0196;peripher
0197;peripher
0198;peripher
0199;peripher
0262;peripher
0263;peripher
0268;peripher
0269;peripher
0270;peripher
0272;peripher
0273;peripher
0274;peripher
0276;peripher
0277;peripher
0278;peripher
0279;peripher
0282;peripher
0289;peripher
0290;sehr peripher
0292;peripher
0294;sehr peripher
0295;sehr peripher
0297;sehr peripher
0299;peripher
0304;peripher
0305;peripher
0309;sehr peripher
0310;sehr peripher
0311;peripher
0313;sehr peripher
0314;sehr peripher
0315;sehr peripher
0317;sehr peripher
0318;sehr peripher
0319;sehr peripher
0320;sehr peripher
0322;peripher
0323;sehr peripher
0324;sehr peripher
0325;sehr peripher
0410;sehr zentral
0412;sehr zentral
0415;sehr zentral
0417;sehr zentral
0420;sehr zentral
0422;sehr zentral
0424;zentral
0427;sehr zentral
0428;zentral
0429;sehr zentral
0431;sehr zentral
0432;sehr zentral
0434;sehr zentral
0435;zentral
0441;zentral
0442;zentral
0443;zentral
0444;zentral
0445;zentral
0446;zentral
0450;zentral
0451;zentral
0452;peripher
0453;peripher
0455;zentral
0456;zentral
0457;zentral
0460;peripher
0461;peripher
0462;zentral
0463;zentral
0464;peripher
0465;peripher
0466;peripher
0468;peripher
0470;peripher
0472;peripher
0473;peripher
0474;peripher
0475;peripher
0476;peripher
0477;peripher
0480;peripher
0482;zentral
0483;peripher
0484;peripher
0486;peripher
0487;sehr peripher
0488;sehr peripher
0489;sehr peripher
0491;sehr peripher
0492;sehr peripher
0493;sehr peripher
0610;sehr zentral
0611;sehr zentral
0612;zentral
0613;sehr zentral
0617;zentral
0618;zentral
0619;zentral
0621;zentral
0623;zentral
0624;peripher
0625;zentral
0626;peripher
0627;peripher
0629;peripher
0630;peripher
0631;peripher
0633;peripher
0634;peripher
0636;peripher
0638;peripher
0640;peripher
0642;peripher
0644;peripher
0645;peripher
0646;peripher
0648;peripher
0649;peripher
0650;peripher
0652;peripher
0653;peripher
0654;peripher
0655;sehr peripher
0656;sehr peripher
0657;sehr peripher
0661;peripher
0662;peripher
0663;peripher
0664;peripher
0666;zentral
0667;peripher
0668;zentral
0669;peripher
0671;peripher
0672;peripher
0674;zentral
0676;zentral
0677;peripher
0678;peripher
0679;zentral
0680;zentral
0684;peripher
0686;peripher
0688;peripher
0689;sehr peripher
0690;peripher
0691;sehr peripher
0692;sehr peripher
0695;sehr peripher
0699;sehr peripher
0731;sehr peripher
0733;sehr peripher
0734;sehr peripher
0735;peripher
0736;peripher
0738;peripher
0740;peripher
0742;sehr peripher
0754;zentral
0755;peripher
0757;peripher
0758;peripher
0760;peripher
0761;peripher
0762;peripher
0763;peripher
0764;peripher
0774;peripher
0775;peripher
0776;peripher
0777;peripher
0780;peripher
0781;peripher
0790;peripher
0791;peripher
0792;peripher
0793;peripher
0795;peripher
0797;peripher
0798;peripher
0805;zentral
0806;zentral
0810;zentral
0811;zentral
0813;zentral
0814;zentral
0820;peripher
0822;peripher
0823;peripher
0824;peripher
0825;peripher
0826;peripher
0828;zentral
0829;zentral
0830;peripher
0831;peripher
0832;peripher
0834;peripher
0835;peripher
0837;zentral
0839;zentral
0841;zentral
0842;zentral
0845;zentral
0846;zentral
0848;zentral
0849;peripher
0852;peripher
0853;peripher
0854;peripher
0860;peripher
0862;peripher
0864;peripher
0911;sehr zentral
0912;sehr zentral
0913;zentral
0921;zentral
0922;zentral
0923;zentral
0924;zentral
0930;peripher
0932;peripher
0933;zentral
0935;zentral
0936;zentral
0937;zentral
0938;zentral
0939;zentral
0940;peripher
0941;zentral
0942;peripher
0943;peripher
0945;peripher
0946;peripher
0947;peripher
0948;peripher
0949;peripher
0950;peripher
0951;peripher
0952;peripher
0954;peripher
0955;zentral
0956;peripher
0957;peripher
0959;peripher
0960;peripher
0961;peripher
0962;peripher
0963;peripher
0964;zentral
0966;zentral
1011;sehr zentral
1017;sehr zentral
1024;sehr zentral
1031;sehr zentral
1036;sehr zentral
1040;sehr zentral
1043;sehr zentral
1055;sehr zentral
1058;sehr zentral
1062;sehr zentral
1070;sehr zentral
1071;sehr zentral
1077;sehr zentral
1078;sehr zentral
1082;sehr zentral
1096;sehr zentral
1099;sehr zentral
1204;sehr zentral
1205;sehr zentral
1209;sehr zentral
1210;sehr zentral
1215;sehr zentral
1216;sehr zentral
1220;sehr zentral
1224;sehr zentral
1227;sehr zentral
1230;sehr zentral
1234;sehr zentral
1235;sehr zentral
1243;sehr zentral
1245;sehr zentral
1248;sehr zentral
1252;sehr zentral
1255;sehr zentral
1258;zentral
1261;sehr zentral
1262;sehr zentral
1267;sehr zentral
1268;sehr zentral
1305;sehr zentral
1308;sehr zentral
1312;sehr zentral
1315;sehr zentral
1318;sehr zentral
1334;sehr zentral
1335;sehr zentral
1340;sehr zentral
1343;sehr zentral
1346;sehr zentral
1350;sehr zentral
1358;sehr zentral
1359;sehr zentral
1362;sehr zentral
1405;sehr zentral
1408;sehr zentral
1410;sehr zentral
1412;sehr zentral
1416;sehr zentral
1419;sehr zentral
1446;sehr zentral
1447;sehr zentral
1448;sehr zentral
1451;sehr zentral
1453;sehr zentral
1454;zentral
1455;zentral
1461;zentral
1462;zentral
1464;sehr peripher
1465;zentral
1466;sehr peripher
1471;sehr peripher
1472;sehr peripher
1477;peripher
1478;sehr peripher
1479;peripher
1480;peripher
1482;peripher
1491;sehr peripher
1492;peripher
1494;peripher
1495;zentral
1497;sehr zentral
1523;peripher
1529;sehr peripher
1530;sehr peripher
1532;sehr peripher
1534;sehr peripher
1536;zentral
1537;sehr peripher
1551;peripher
1552;peripher
1553;zentral
1556;zentral
1571;zentral
1573;zentral
1574;peripher
1575;peripher
1580;zentral
1582;sehr zentral
1583;peripher
1584;sehr peripher
1585;peripher
1586;sehr peripher
1589;sehr peripher
1590;peripher
1591;peripher
1592;sehr peripher
1593;sehr peripher
1622;peripher
1623;peripher
1624;peripher
1625;sehr peripher
1626;sehr peripher
1627;peripher
1630;peripher
1632;zentral
1634;sehr zentral
1635;zentral
1651;zentral
1654;sehr zentral
1655;sehr zentral
1656;sehr zentral
1672;zentral
1676;zentral
1677;sehr peripher
1679;sehr peripher
1681;sehr peripher
1682;sehr peripher
1683;sehr peripher
1684;sehr peripher
1686;sehr peripher
1690;sehr peripher
1692;sehr peripher
1694;sehr peripher
1703;peripher
1708;sehr peripher
1709;sehr peripher
1710;sehr peripher
1711;sehr peripher
1712;sehr peripher
1713;sehr peripher
1715;sehr peripher
1716;sehr peripher
1717;sehr peripher
1719;sehr peripher
1720;sehr peripher
1721;sehr peripher
1723;sehr peripher
1724;sehr peripher
1725;sehr peripher
1726;sehr peripher
1727;sehr peripher
1729;sehr peripher
1730;sehr peripher
1732;peripher
1733;sehr peripher
1734;sehr peripher
1735;sehr peripher
1736;sehr peripher
1737;sehr peripher
1738;sehr peripher
1739;sehr peripher
1740;sehr peripher
1741;sehr peripher
1742;sehr peripher
1743;sehr peripher
1744;sehr peripher
1745;sehr peripher
1748;sehr peripher
1749;sehr peripher
1750;sehr peripher
1805;zentral
1806;zentral
1810;zentral
1811;zentral
1814;peripher
1818;peripher
1819;peripher
1820;peripher
1821;peripher
1822;sehr peripher
1823;sehr peripher
1824;sehr peripher
1825;peripher
1827;sehr peripher
1829;sehr peripher
1831;sehr peripher
1832;sehr peripher
1833;sehr peripher
1834;sehr peripher
1835;sehr peripher
1837;sehr peripher
1843;sehr peripher
1844;sehr peripher
1846;sehr peripher
1850;sehr peripher
1851;sehr peripher
1852;sehr peripher
1854;sehr peripher
1855;sehr peripher
1856;sehr peripher
1857;sehr peripher
1858;sehr peripher
1860;sehr peripher
1905;peripher
1906;peripher
1907;peripher
1908;sehr peripher
1920;peripher
1921;peripher
1923;sehr peripher
1924;peripher
1925;sehr peripher
1926;sehr peripher
1927;sehr peripher
1928;sehr peripher
1929;sehr peripher
1930;sehr peripher
1932;sehr peripher
1933;sehr peripher
1934;sehr peripher
1935;sehr peripher
1937;sehr peripher
1938;sehr peripher
1939;sehr peripher
1940;sehr peripher
1941;peripher
2009;sehr zentral
2014;sehr zentral
2024;sehr zentral
2025;sehr zentral
2035;sehr zentral
2045;sehr zentral
2053;sehr zentral
2102;sehr zentral
2103;sehr zentral
2107;sehr zentral
2110;sehr zentral
2112;peripher
2114;sehr zentral
2121;sehr zentral
2122;zentral
2124;zentral
2125;zentral
2126;zentral
2127;zentral
2133;zentral
2135;zentral
2136;sehr peripher
2137;zentral
2138;zentral
2139;zentral
2140;zentral
2142;zentral
2143;zentral
2144;zentral
2146;sehr zentral
2148;peripher
2149;zentral
2150;zentral
2151;zentral
2152;zentral
2161;zentral
2162;zentral
2163;peripher
2164;zentral
2168;peripher
2169;peripher
2170;peripher
2171;peripher
2172;peripher
2173;sehr peripher
2174;sehr peripher
2175;sehr peripher
2176;sehr peripher
2177;sehr peripher
2178;sehr peripher
2204;sehr zentral
2208;sehr zentral
2211;sehr zentral
2214;sehr zentral
2215;sehr zentral
2217;sehr zentral
2229;sehr zentral
2230;sehr zentral
2233;sehr zentral
2235;sehr zentral
2239;sehr zentral
2241;sehr zentral
2245;sehr zentral
2252;sehr zentral
2254;sehr zentral
2255;sehr zentral
2258;sehr zentral
2260;sehr zentral
2276;sehr zentral
2284;sehr zentral
2285;sehr zentral
2286;sehr zentral
2288;sehr zentral
2292;zentral
2294;zentral
2295;zentral
2296;zentral
2355;zentral
2356;zentral
2357;zentral
2361;zentral
2362;zentral
2366;zentral
2368;zentral
2370;peripher
2371;peripher
2373;peripher
2374;peripher
2375;peripher
2376;sehr peripher
2377;peripher
2379;zentral
2381;zentral
2382;zentral
2384;zentral
2385;zentral
2386;zentral
2387;zentral
2388;zentral
2389;zentral
2390;zentral
2391;zentral
2392;zentral
2393;peripher
2394;sehr peripher
2396;peripher
2397;peripher
2399;peripher
2410;zentral
2411;zentral
2414;zentral
2415;peripher
2416;peripher
2421;peripher
2422;zentral
2423;peripher
2424;zentral
2425;peripher
2430;peripher
2432;peripher
2434;peripher
2435;peripher
2436;peripher
2437;sehr peripher
2439;sehr peripher
2440;sehr peripher
2453;zentral
2455;zentral
2456;zentral
2457;zentral
2458;zentral
2459;peripher
2460;peripher
2461;zentral
2462;zentral
2463;zentral
2464;zentral
2476;peripher
2478;peripher
2479;peripher
2480;peripher
2481;peripher
2483;zentral
2484;peripher
2485;peripher
2486;peripher
2487;peripher
2488;peripher
2489;peripher
2493;zentral
2494;peripher
2495;peripher
2496;peripher
2497;sehr peripher
2498;peripher
2499;peripher
2533;zentral
2534;peripher
2535;zentral
2536;zentral
2537;zentral
2542;sehr zentral
2543;zentral
2545;sehr zentral
2546;sehr zentral
2547;sehr zentral
2548;zentral
2549;sehr zentral
2552;zentral
2554;zentral
2555;peripher
2556;peripher
2557;peripher
2558;peripher
2559;peripher
2569;sehr peripher
2570;sehr peripher
2571;sehr peripher
2572;sehr peripher
2574;peripher
2576;sehr peripher
2577;sehr peripher
2578;peripher
2579;peripher
2581;sehr peripher
2582;sehr peripher
2583;sehr peripher
2584;sehr peripher
2585;sehr peripher
2586;sehr peripher
2587;sehr peripher
2588;sehr peripher
2589;sehr peripher
2591;sehr peripher
2592;sehr peripher
2593;sehr peripher
2594;sehr peripher
2598;sehr peripher
2599;sehr peripher
2612;zentral
2613;zentral
2616;peripher
2618;peripher
2619;zentral
2620;zentral
2621;zentral
2631;zentral
2634;peripher
2638;peripher
2640;sehr peripher
2641;peripher
2642;sehr peripher
2643;peripher
2644;peripher
2645;peripher
2646;sehr peripher
2647;sehr peripher
2648;sehr peripher
2650;sehr peripher
2652;sehr peripher
2653;sehr peripher
2654;sehr peripher
2655;sehr peripher
2657;sehr peripher
2660;peripher
2662;peripher
2663;peripher
2665;peripher
2667;peripher
2668;peripher
2672;peripher
2673;peripher
2675;peripher
2678;peripher
2680;peripher
2681;peripher
2682;peripher
2683;peripher
2684;peripher
2687;peripher
2689;peripher
2690;peripher
2691;peripher
2693;peripher
2695;peripher
2696;peripher
2721;peripher
2723;peripher
2724;peripher
2725;peripher
2728;zentral
2729;zentral
2730;peripher
2731;peripher
2732;peripher
2733;peripher
2735;peripher
2736;zentral
2737;peripher
2738;peripher
2740;peripher
2741;peripher
2743;sehr peripher
2744;peripher
2747;peripher
2749;sehr peripher
2756;sehr zentral
2757;zentral
2758;sehr zentral
2760;peripher
2761;peripher
2762;peripher
2763;peripher
2771;peripher
2772;peripher
2774;zentral
2775;zentral
2777;zentral
2779;zentral
2780;zentral
2819;sehr zentral
2820;sehr zentral
2821;sehr zentral
2823;sehr zentral
2825;sehr zentral
2827;sehr zentral
2830;zentral
2832;sehr zentral
2835;zentral
2871;sehr zentral
2875;zentral
2877;peripher
2879;peripher
2881;zentral
2883;zentral
2884;zentral
2885;zentral
2886;zentral
2887;zentral
2922;zentral
2930;peripher
2931;zentral
2932;peripher
2933;zentral
2934;peripher
2935;peripher
2936;peripher
2937;sehr peripher
2938;sehr peripher
2939;peripher
2941;sehr peripher
2943;sehr peripher
2945;sehr peripher
2946;sehr peripher
2947;sehr peripher
2948;sehr peripher
2949;sehr peripher
2952;peripher
2954;peripher
2955;sehr peripher
2956;sehr peripher
2957;peripher
2958;peripher
2959;sehr peripher
2961;peripher
2963;peripher
2964;peripher
2966;peripher
2968;peripher
2969;zentral
3015;sehr zentral
3016;sehr zentral
3017;sehr zentral
3041;sehr zentral
3044;sehr zentral
3045;sehr zentral
3051;sehr zentral
3052;sehr zentral
3053;sehr zentral
3055;sehr zentral
3062;sehr zentral
3065;sehr zentral
3066;sehr zentral
3082;sehr zentral
3085;sehr zentral
3088;sehr zentral
3089;zentral
3090;zentral
3091;sehr zentral
3092;sehr zentral
3093;zentral
3095;sehr zentral
3096;sehr zentral
3097;zentral
3098;sehr zentral
3100;zentral
3102;peripher
3103;peripher
3106;peripher
3107;peripher
3108;peripher
3113;zentral
3114;zentral
3115;zentral
3116;zentral
3117;zentral
3118;zentral
3119;zentral
3122;zentral
3123;zentral
3124;zentral
3127;zentral
3130;zentral
3131;zentral
3151;zentral
3153;peripher
3154;zentral
3155;zentral
3158;peripher
3159;peripher
3160;peripher
3161;peripher
3162;peripher
3163;peripher
3165;zentral
3167;zentral
3168;zentral
3169;zentral
3170;zentral
3171;zentral
3173;zentral
3174;zentral
3178;zentral
3181;peripher
3183;zentral
3184;zentral
3185;zentral
3186;peripher
3204;sehr zentral
3205;sehr zentral
3210;sehr zentral
3212;sehr zentral
3213;sehr zentral
3225;sehr zentral
3227;sehr zentral
3228;zentral
3231;zentral
3233;zentral
3235;peripher
3236;zentral
3242;zentral
3245;zentral
3246;peripher
3247;zentral
3254;sehr zentral
3258;sehr zentral
3260;sehr zentral
3265;zentral
3267;peripher
3268;zentral
3269;zentral
3275;zentral
3276;zentral
3279;zentral
3280;zentral
3281;peripher
3282;zentral
3283;zentral
3301;peripher
3303;peripher
3309;zentral
3310;zentral
3312;zentral
3314;zentral
3315;zentral
3316;zentral
3317;zentral
3318;zentral
3333;sehr zentral
3337;sehr zentral
3339;zentral
3341;sehr zentral
3342;sehr zentral
3344;sehr zentral
3360;sehr zentral
3361;sehr zentral
3364;sehr zentral
3365;sehr zentral
3368;sehr zentral
3369;sehr zentral
3371;sehr zentral
3372;sehr zentral
3373;sehr zentral
3375;sehr zentral
3377;zentral
3379;sehr zentral
3380;sehr zentral
3381;sehr zentral
3382;sehr zentral
3411;zentral
3412;zentral
3413;zentral
3421;peripher
3422;zentral
3423;zentral
3424;zentral
3425;zentral
3426;zentral
3427;zentral
3428;zentral
3429;zentral
3430;zentral
3431;zentral
3432;zentral
3434;peripher
3435;peripher
3436;peripher
3437;zentral
3438;peripher
3439;peripher
3441;zentral
3443;peripher
3445;peripher
3446;peripher
3447;zentral
3449;peripher
3450;peripher
3451;peripher
3453;peripher
3454;peripher
3456;peripher
3457;peripher
3458;peripher
3459;peripher
3461;peripher
3462;peripher
3463;peripher
3503;zentral
3504;zentral
3506;sehr peripher
3507;zentral
3508;peripher
3509;peripher
3510;peripher
3511;peripher
3521;peripher
3523;peripher
3526;peripher
3527;peripher
3528;peripher
3530;zentral
3531;zentral
3532;zentral
3539;sehr zentral
3541;zentral
3542;sehr zentral
3543;zentral
3544;zentral
3545;zentral
3546;zentral
3551;sehr zentral
3557;sehr zentral
3558;sehr zentral
3560;zentral
3561;zentral
3562;sehr zentral
3563;zentral
3564;zentral
3568;zentral
3569;zentral
3570;zentral
3571;peripher
3574;zentral
3575;zentral
3576;zentral
3578;zentral
3579;zentral
3603;zentral
3604;peripher
3608;peripher
3609;peripher
3610;peripher
3611;peripher
3612;peripher
3613;peripher
3614;peripher
3615;peripher
3616;peripher
3617;peripher
3619;peripher
3620;peripher
3621;peripher
3625;peripher
3626;peripher
3627;peripher
3628;peripher
3630;peripher
3631;peripher
3632;peripher
3634;peripher
3635;peripher
3636;peripher
3638;peripher
3639;peripher
3640;peripher
3641;peripher
3643;peripher
3644;peripher
3645;sehr peripher
3646;peripher
3711;peripher
3712;peripher
3713;peripher
3715;zentral
3717;peripher
3718;peripher
3719;peripher
3721;peripher
3723;peripher
3724;peripher
3726;peripher
3727;peripher
3728;peripher
3729;peripher
3730;peripher
3731;peripher
3732;peripher
3733;peripher
3734;peripher
3735;peripher
3741;peripher
3743;peripher
3744;peripher
3752;peripher
3753;zentral
3757;peripher
3758;peripher
3760;peripher
3761;peripher
3762;peripher
3763;peripher
3764;peripher
3767;peripher
3768;peripher
3769;peripher
3810;sehr zentral
3811;zentral
3812;zentral
3815;peripher
3816;zentral
3817;peripher
3822;zentral
3823;zentral
3825;zentral
3826;zentral
3827;zentral
3830;zentral
3831;zentral
3832;peripher
3835;peripher
3836;peripher
3837;peripher
3838;peripher
3844;zentral
3845;peripher
3846;peripher
3847;peripher
3848;sehr peripher
3851;zentral
3852;zentral
3853;zentral
3854;zentral
3855;zentral
3864;peripher
3866;peripher
3867;peripher
3868;peripher
3869;peripher
3870;peripher
3872;zentral
3882;peripher
3883;peripher
3885;peripher
3887;peripher
3888;peripher
3889;peripher
3910;zentral
3911;zentral
3912;zentral
3913;peripher
3916;peripher
3917;peripher
3921;peripher
3922;peripher
3924;peripher
3926;peripher
3927;peripher
3928;peripher
3929;peripher
3930;sehr peripher
3931;sehr peripher
3932;peripher
3934;peripher
3935;peripher
3936;peripher
3938;peripher
3939;peripher
3941;peripher
3943;peripher
3944;peripher
3951;peripher
3952;sehr peripher
3953;sehr peripher
3957;sehr peripher
3959;sehr peripher
3960;sehr peripher
3961;sehr peripher
3962;sehr peripher
3963;peripher
3964;peripher
4021;sehr zentral
4022;sehr zentral
4023;sehr zentral
4046;sehr zentral
4047;sehr zentral
4048;sehr zentral
4054;sehr zentral
4058;sehr zentral
4059;sehr zentral
4062;sehr zentral
4066;sehr zentral
4067;sehr zentral
4069;sehr zentral
4072;sehr zentral
4076;sehr zentral
4078;sehr zentral
4082;sehr zentral
4087;sehr zentral
4088;sehr zentral
4106;sehr zentral
4116;sehr zentral
4117;sehr zentral
4118;sehr zentral
4119;sehr zentral
4123;sehr zentral
4133;sehr zentral
4135;sehr zentral
4136;sehr zentral
4137;sehr zentral
4146;sehr zentral
4147;sehr zentral
4151;sehr zentral
4153;sehr zentral
4154;sehr zentral
4156;sehr zentral
4174;sehr zentral
4175;sehr zentral
4181;sehr zentral
4183;sehr zentral
4184;sehr zentral
4210;sehr zentral
4211;sehr zentral
4227;sehr zentral
4228;sehr zentral
4232;sehr zentral
4234;sehr zentral
4236;sehr zentral
4238;sehr zentral
4239;sehr zentral
4247;sehr zentral
4248;sehr zentral
4249;sehr zentral
4254;sehr zentral
4255;sehr zentral
4257;sehr zentral
4265;sehr zentral
4269;sehr zentral
4271;sehr zentral
4278;sehr zentral
4279;sehr zentral
4285;sehr zentral
4289;sehr zentral
4292;sehr zentral
4413;sehr zentral
4414;sehr zentral
4422;sehr zentral
4426;sehr zentral
4428;sehr zentral
4430;sehr zentral
4431;sehr zentral
4432;sehr zentral
4433;sehr zentral
4435;sehr zentral
4436;sehr zentral
4437;sehr zentral
4438;sehr zentral
4453;sehr zentral
4457;sehr zentral
4458;sehr zentral
4462;sehr zentral
4464;sehr zentral
4465;sehr zentral
4478;sehr zentral
4479;sehr zentral
4480;sehr zentral
4486;sehr zentral
4487;sehr zentral
4489;sehr zentral
4512;sehr zentral
4513;sehr zentral
4514;sehr zentral
4521;sehr zentral
4523;sehr zentral
4525;sehr zentral
4527;sehr zentral
4528;sehr zentral
4530;sehr zentral
4532;sehr zentral
4535;sehr zentral
4546;sehr zentral
4547;sehr zentral
4548;sehr zentral
4552;sehr zentral
4554;sehr zentral
4565;sehr zentral
4566;sehr zentral
4569;sehr zentral
4570;sehr zentral
4571;sehr zentral
4572;sehr zentral
4573;sehr zentral
4576;sehr zentral
4577;sehr zentral
4587;sehr zentral
4588;sehr zentral
4589;sehr zentral
4596;sehr zentral
4604;sehr zentral
4611;sehr zentral
4614;sehr zentral
4623;sehr zentral
4624;sehr zentral
4628;sehr zentral
4632;sehr zentral
4634;sehr zentral
4635;sehr zentral
4639;sehr zentral
4641;sehr zentral
4644;sehr zentral
4645;sehr zentral
4648;sehr zentral
4649;sehr zentral
4650;sehr zentral
4651;sehr zentral
4653;sehr zentral
4656;sehr zentral
4705;sehr zentral
4711;sehr zentral
4713;sehr zentral
4716;sehr zentral
4717;sehr zentral
4719;sehr zentral
4722;sehr zentral
4723;sehr zentral
4724;sehr zentral
4725;sehr zentral
4726;sehr zentral
4727;sehr zentral
4744;sehr zentral
4747;sehr zentral
4749;sehr zentral
4750;sehr zentral
4753;zentral
4754;sehr zentral
4755;zentral
4757;sehr zentral
4758;sehr zentral
4760;sehr zentral
4762;sehr zentral
4763;sehr zentral
4764;sehr zentral
4765;sehr zentral
4766;sehr zentral
4779;sehr zentral
4780;sehr zentral
4782;sehr zentral
4783;sehr zentral
4787;sehr zentral
4790;sehr zentral
4791;sehr zentral
4792;sehr zentral
4814;sehr zentral
4815;sehr zentral
4816;sehr zentral
4823;zentral
4824;sehr zentral
4826;zentral
4828;zentral
4829;zentral
4830;sehr zentral
4831;sehr zentral
4832;zentral
4833;zentral
4834;zentral
4835;zentral
4836;zentral
4842;zentral
4843;zentral
4845;zentral
4846;zentral
4847;zentral
4848;zentral
4849;zentral
4852;zentral
4853;zentral
4856;zentral
4859;sehr zentral
4860;zentral
4861;zentral
4862;zentral
4865;sehr zentral
4868;sehr zentral
4869;zentral
4870;zentral
4871;zentral
4872;zentral
4873;sehr zentral
4907;sehr zentral
4908;sehr zentral
4909;sehr zentral
4912;sehr zentral
4913;zentral
4914;sehr zentral
4915;zentral
4916;zentral
4917;zentral
4918;zentral
4919;zentral
4920;zentral
4921;zentral
4932;zentral
4935;peripher
4937;zentral
4939;zentral
4940;peripher
4941;peripher
4942;zentral
4943;zentral
4944;peripher
4945;peripher
4947;zentral
4949;zentral
4950;zentral
4952;zentral
4953;zentral
4954;zentral
4956;zentral
4957;peripher
4958;peripher
4959;zentral
4961;peripher
4962;peripher
4963;peripher
4966;peripher
4968;peripher
4969;peripher
4971;peripher
4973;peripher
4974;peripher
4975;peripher
4976;peripher
4977;peripher
4980;zentral
4981;peripher
4982;peripher
4983;peripher
4984;peripher
5012;sehr zentral
5016;sehr zentral
5017;sehr zentral
5018;sehr zentral
5022;sehr zentral
5025;sehr zentral
5032;sehr zentral
5035;sehr zentral
5037;sehr zentral
5038;sehr zentral
5066;sehr zentral
5067;sehr zentral
5073;sehr zentral
5076;sehr zentral
5082;sehr zentral
5085;sehr zentral
5093;sehr zentral
5096;sehr zentral
5099;sehr zentral
5106;sehr zentral
5110;sehr zentral
5114;sehr zentral
5137;sehr zentral
5138;sehr zentral
5139;sehr zentral
5142;sehr zentral
5146;sehr zentral
5149;sehr zentral
5150;sehr zentral
5151;sehr zentral
5154;zentral
5157;zentral
5158;zentral
5159;zentral
5164;sehr zentral
5167;sehr zentral
5168;sehr zentral
5170;sehr zentral
5176;sehr zentral
5178;sehr zentral
5206;sehr zentral
5207;sehr zentral
5208;sehr zentral
5213;sehr zentral
5214;sehr zentral
5215;zentral
5222;sehr zentral
5224;sehr zentral
5234;sehr zentral
5235;sehr zentral
5237;sehr zentral
5238;sehr zentral
5239;sehr zentral
5242;sehr zentral
5244;sehr zentral
5245;sehr zentral
5247;sehr zentral
5249;sehr zentral
5251;sehr zentral
5252;sehr zentral
5253;sehr zentral
5311;sehr zentral
5312;sehr zentral
5317;sehr zentral
5322;sehr zentral
5333;sehr zentral
5334;sehr zentral
5335;sehr zentral
5342;zentral
5347;zentral
5348;zentral
5349;zentral
5350;zentral
5351;peripher
5352;peripher
5353;peripher
5354;zentral
5355;zentral
5356;zentral
5357;zentral
5360;sehr zentral
5361;sehr zentral
5363;sehr zentral
5372;sehr zentral
5375;sehr zentral
5377;sehr zentral
5378;zentral
5379;sehr zentral
5380;sehr zentral
5381;sehr zentral
5384;sehr zentral
5385;sehr zentral
5387;sehr zentral
5388;sehr zentral
5389;zentral
5390;zentral
5391;sehr zentral
5392;zentral
5393;zentral
5394;peripher
5429;zentral
5430;zentral
5431;peripher
5432;peripher
5433;peripher
5434;zentral
5441;zentral
5442;peripher
5443;peripher
5444;peripher
5445;peripher
5447;peripher
5448;peripher
5449;peripher
5451;peripher
5452;peripher
5453;peripher
5455;peripher
5456;sehr peripher
5457;peripher
5458;peripher
5459;peripher
5460;peripher
5461;peripher
5463;peripher
5464;peripher
5465;peripher
5466;peripher
5467;sehr peripher
5468;sehr peripher
5511;sehr zentral
5512;sehr zentral
5513;sehr zentral
5521;sehr zentral
5523;sehr zentral
5524;sehr zentral
5525;sehr zentral
5526;sehr zentral
5527;sehr zentral
5528;sehr zentral
5529;sehr zentral
5541;zentral
5542;zentral
5543;peripher
5544;zentral
5545;zentral
5546;peripher
5547;peripher
5548;peripher
5549;peripher
5554;zentral
5555;zentral
5556;peripher
5557;zentral
5558;zentral
5559;zentral
5560;peripher
5561;peripher
5562;peripher
5574;sehr peripher
5575;sehr peripher
5576;peripher
5577;peripher
5606;zentral
5607;zentral
5611;zentral
5613;zentral
5615;zentral
5617;zentral
5618;zentral
5619;zentral
5620;zentral
5621;zentral
5622;zentral
5623;zentral
5624;zentral
5625;peripher
5626;zentral
5627;zentral
5628;peripher
5629;zentral
5630;zentral
5631;zentral
5632;zentral
5633;zentral
5634;peripher
5635;peripher
5636;peripher
5637;peripher
5641;zentral
5642;zentral
5645;peripher
5646;peripher
5647;zentral
5656;zentral
5657;zentral
5658;zentral
5659;zentral
5662;zentral
5663;zentral
5664;zentral
5665;zentral
5672;peripher
5673;zentral
5674;zentral
5675;zentral
5676;peripher
5681;peripher
5682;peripher
5684;sehr peripher
5685;sehr peripher
5686;sehr peripher
5707;zentral
5708;zentral
5722;zentral
5723;zentral
5725;zentral
5727;zentral
5729;zentral
5731;peripher
5733;peripher
5736;peripher
5739;peripher
5741;zentral
5743;zentral
5746;zentral
5748;zentral
5751;peripher
5752;peripher
5753;peripher
5754;zentral
5755;zentral
5756;peripher
5757;peripher
5758;peripher
5761;zentral
5762;peripher
5763;zentral
5764;peripher
5808;sehr zentral
5809;sehr zentral
5811;sehr zentral
5813;sehr zentral
5823;sehr zentral
5825;sehr zentral
5828;sehr zentral
5830;sehr zentral
5831;sehr zentral
5833;sehr zentral
5845;sehr zentral
5850;sehr zentral
5851;sehr zentral
5854;sehr zentral
5855;sehr zentral
5856;sehr zentral
5857;sehr zentral
5863;sehr zentral
5864;sehr zentral
5867;sehr zentral
5870;sehr zentral
5871;sehr zentral
5873;sehr zentral
5876;sehr zentral
5879;zentral
5880;zentral
5884;zentral
5906;sehr zentral
5907;sehr zentral
5917;sehr zentral
5919;sehr zentral
5922;sehr zentral
5926;sehr zentral
5930;sehr zentral
5932;zentral
5934;sehr zentral
5936;sehr zentral
5937;sehr zentral
5938;sehr zentral
5939;sehr zentral
5942;sehr zentral
5943;sehr zentral
5945;sehr zentral
5946;sehr zentral
5949;sehr zentral
5950;zentral
5951;sehr zentral
5955;zentral
5958;zentral
5959;zentral
5960;zentral
5975;zentral
5982;zentral
5984;zentral
5987;zentral
5988;zentral
5990;zentral
5992;peripher
5993;peripher
5995;peripher
5996;peripher
6030;sehr zentral
6031;sehr zentral
6032;sehr zentral
6038;sehr zentral
6043;sehr zentral
6048;sehr zentral
6052;sehr zentral
6054;sehr zentral
6059;sehr zentral
6111;sehr zentral
6113;sehr zentral
6116;sehr zentral
6118;sehr zentral
6119;sehr zentral
6120;sehr zentral
6123;sehr zentral
6125;sehr zentral
6126;sehr zentral
6127;sehr zentral
6134;sehr zentral
6135;sehr zentral
6138;sehr zentral
6144;sehr zentral
6146;sehr zentral
6147;sehr zentral
6306;sehr zentral
6307;sehr zentral
6311;sehr zentral
6312;sehr zentral
6315;sehr zentral
6316;sehr zentral
6317;sehr zentral
6322;sehr zentral
6326;sehr zentral
6330;sehr zentral
6332;sehr zentral
6345;sehr zentral
6347;sehr zentral
6348;sehr zentral
6350;sehr zentral
6351;sehr zentral
6352;sehr zentral
6353;sehr zentral
6354;sehr zentral
6357;sehr zentral
6358;sehr zentral
6359;sehr zentral
6360;zentral
6361;zentral
6362;zentral
6363;zentral
6365;sehr zentral
6366;zentral
6367;peripher
6368;zentral
6369;zentral
6373;sehr zentral
6374;sehr zentral
6375;sehr zentral
6376;zentral
6377;sehr zentral
6378;zentral
6379;sehr zentral
6380;sehr zentral
6381;sehr zentral
6382;zentral
6383;zentral
6384;zentral
6385;zentral
6386;zentral
6387;zentral
6389;peripher
6390;zentral
6391;peripher
6392;peripher
6393;peripher
6428;sehr zentral
6429;sehr zentral
6431;sehr zentral
6433;sehr zentral
6434;sehr zentral
6435;sehr zentral
6436;sehr zentral
6437;sehr zentral
6438;zentral
6439;sehr zentral
6440;sehr zentral
6452;sehr zentral
6454;sehr zentral
6456;sehr zentral
6457;sehr zentral
6458;sehr zentral
6462;sehr zentral
6464;sehr zentral
6465;sehr zentral
6466;sehr zentral
6467;zentral
6468;sehr zentral
6471;peripher
6472;peripher
6473;zentral
6474;zentral
6475;zentral
6476;peripher
6480;sehr zentral
6482;sehr zentral
6483;sehr zentral
6484;sehr zentral
6485;sehr zentral
6518;sehr zentral
6519;sehr zentral
6520;sehr zentral
6523;sehr zentral
6530;zentral
6532;zentral
6534;sehr zentral
6536;zentral
6537;zentral
6538;zentral
6539;peripher
6542;sehr zentral
6543;sehr zentral
6545;sehr zentral
6546;sehr zentral
6547;sehr zentral
6551;sehr zentral
6552;sehr zentral
6554;zentral
6555;zentral
6558;zentral
6559;zentral
6560;zentral
6561;zentral
6562;zentral
6571;sehr zentral
6576;sehr zentral
6577;sehr zentral
6579;sehr zentral
6581;sehr zentral
6582;sehr zentral
6583;sehr zentral
6584;sehr zentral
6592;sehr zentral
6593;sehr zentral
6611;sehr zentral
6612;sehr zentral
6613;sehr zentral
6626;zentral
6627;zentral
6628;sehr zentral
6629;sehr zentral
6633;zentral
6634;sehr zentral
6635;zentral
6638;sehr zentral
6639;zentral
6642;zentral
6644;zentral
6645;zentral
6648;zentral
6649;zentral
6650;zentral
6653;sehr zentral
6654;sehr zentral
6655;zentral
6656;zentral
6657;zentral
6658;sehr zentral
6660;zentral
6662;zentral
6663;zentral
6664;zentral
6666;zentral
6667;zentral
6668;zentral
6669;zentral
6670;zentral
6674;zentral
6676;zentral
6677;zentral
6678;zentral
6679;zentral
6680;zentral
6682;zentral
6683;zentral
6684;zentral
6685;zentral
6686;zentral
6687;zentral
6688;peripher
6689;zentral
6690;zentral
6691;zentral
6695;peripher
6696;peripher
6697;zentral
6698;zentral
6699;peripher
6705;sehr zentral
6706;sehr zentral
6707;sehr zentral
6709;sehr zentral
6710;sehr zentral
6711;sehr zentral
6712;sehr zentral
6713;sehr zentral
6714;sehr zentral
6715;sehr zentral
6716;sehr zentral
6722;sehr zentral
6724;sehr zentral
6725;sehr zentral
6726;sehr zentral
6727;sehr zentral
6728;sehr zentral
6729;zentral
6730;zentral
6731;sehr zentral
6734;sehr zentral
6735;sehr zentral
6736;sehr zentral
6737;sehr zentral
6743;sehr zentral
6745;sehr zentral
6746;zentral
6747;zentral
6748;zentral
6754;sehr zentral
6755;sehr zentral
6757;zentral
6758;zentral
6759;sehr zentral
6765;zentral
6766;zentral
6767;zentral
6768;zentral
6769;zentral
6770;zentral
6771;zentral
6772;zentral
6773;zentral
6774;peripher
6775;peripher
6780;peripher
6781;zentral
6782;peripher
6815;sehr zentral
6816;sehr zentral
6819;sehr zentral
6821;sehr zentral
6822;sehr zentral
6823;sehr zentral
6825;sehr zentral
6830;sehr zentral
6851;sehr zentral
6852;sehr zentral
6853;sehr zentral
6854;sehr zentral
6862;sehr zentral
6864;sehr zentral
6872;sehr zentral
6875;sehr zentral
6876;sehr zentral
6877;sehr zentral
6878;sehr zentral
6879;sehr zentral
6880;sehr zentral
6911;sehr zentral
6912;sehr zentral
6915;sehr zentral
6916;sehr zentral
6918;sehr zentral
6919;sehr zentral
6920;sehr zentral
6921;sehr zentral
6922;sehr zentral
6923;sehr zentral
6924;sehr zentral
6925;sehr zentral
6941;peripher
6942;peripher
6943;zentral
6946;sehr zentral
6948;zentral
6949;sehr zentral
6950;sehr zentral
6951;sehr zentral
7017;sehr zentral
7018;sehr zentral
7019;sehr zentral
7032;sehr zentral
7037;sehr zentral
7043;sehr zentral
7046;sehr zentral
7049;sehr zentral
7056;sehr zentral
7059;sehr zentral
7061;sehr zentral
7062;sehr zentral
7073;sehr zentral
7077;sehr zentral
7079;sehr zentral
7080;sehr zentral
7082;sehr zentral
7083;sehr zentral
7103;sehr zentral
7106;sehr zentral
7108;sehr zentral
7109;sehr zentral
7110;sehr zentral
7111;sehr zentral
7112;sehr zentral
7113;sehr zentral
7114;zentral
7115;sehr zentral
7122;sehr zentral
7125;sehr zentral
7126;sehr zentral
7127;sehr zentral
7128;sehr zentral
7129;sehr zentral
7133;sehr zentral
7136;sehr zentral
7138;sehr zentral
7139;sehr zentral
7140;sehr zentral
7152;zentral
7154;zentral
7155;zentral
7156;zentral
7157;zentral
7163;sehr zentral
7164;sehr zentral
7166;sehr zentral
7167;sehr zentral
7168;sehr zentral
7169;sehr zentral
7170;sehr zentral
7171;sehr zentral
7172;sehr zentral
7173;sehr zentral
7207;zentral
7210;zentral
7211;zentral
7212;zentral
7213;zentral
7214;zentral
7216;zentral
7217;peripher
7218;zentral
7220;zentral
7221;zentral
7222;peripher
7225;peripher
7227;peripher
7228;peripher
7229;peripher
7233;peripher
7234;zentral
7235;peripher
7236;peripher
7237;zentral
7239;peripher
7240;peripher
7241;zentral
7245;peripher
7246;peripher
7247;peripher
7248;peripher
7250;peripher
7251;peripher
7252;peripher
7253;peripher
7255;zentral
7257;zentral
7258;zentral
7262;sehr zentral
7263;sehr zentral
7264;sehr zentral
7265;sehr zentral
7266;sehr zentral
7276;sehr zentral
7277;zentral
7279;zentral
7280;zentral
7281;peripher
7282;peripher
7303;zentral
7305;zentral
7306;sehr zentral
7307;zentral
7308;zentral
7309;zentral
7310;zentral
7311;zentral
7320;sehr zentral
7323;zentral
7324;sehr zentral
7325;zentral
7326;sehr zentral
7327;zentral
7331;zentral
7332;zentral
7333;zentral
7334;zentral
7343;zentral
7344;peripher
7345;peripher
7346;peripher
7347;peripher
7348;peripher
7349;peripher
7352;zentral
7354;zentral
7355;zentral
7356;zentral
7357;peripher
7361;zentral
7363;zentral
7364;zentral
7365;sehr zentral
7366;sehr zentral
7372;sehr zentral
7373;sehr zentral
7376;sehr zentral
7377;sehr zentral
7407;sehr zentral
7408;sehr zentral
7417;zentral
7418;sehr zentral
7419;zentral
7420;zentral
7421;zentral
7422;zentral
7423;zentral
7424;zentral
7425;zentral
7432;sehr zentral
7433;zentral
7434;zentral
7435;sehr zentral
7436;sehr zentral
7437;sehr zentral
7438;sehr zentral
7439;sehr zentral
7440;peripher
7441;peripher
7442;peripher
7452;zentral
7453;zentral
7454;peripher
7456;peripher
7457;peripher
7458;peripher
7459;peripher
7461;zentral
7462;zentral
7463;zentral
7465;peripher
7467;peripher
7470;peripher
7472;peripher
7473;peripher
7474;peripher
7482;peripher
7483;peripher
7484;zentral
7485;zentral
7486;zentral
7488;sehr zentral
7490;zentral
7491;zentral
7492;zentral
7493;zentral
7501;zentral
7503;zentral
7504;sehr zentral
7505;zentral
7517;sehr zentral
7518;zentral
7519;sehr zentral
7520;zentral
7521;zentral
7522;sehr zentral
7523;sehr zentral
7524;zentral
7530;zentral
7532;zentral
7533;zentral
7536;zentral
7537;zentral
7538;zentral
7539;zentral
7541;sehr zentral
7542;zentral
7543;zentral
7544;sehr zentral
7613;sehr zentral
7614;sehr zentral
7618;sehr zentral
7619;sehr zentral
7622;sehr zentral
7627;sehr zentral
7628;sehr zentral
7629;sehr zentral
7630;sehr zentral
7631;sehr zentral
7632;sehr zentral
7633;zentral
7634;zentral
7635;sehr zentral
7643;sehr zentral
7644;sehr zentral
7645;sehr zentral
7646;sehr zentral
7647;sehr zentral
7653;zentral
7654;zentral
7657;zentral
7659;zentral
7664;sehr zentral
7666;sehr zentral
7667;sehr zentral
7668;sehr zentral
7669;sehr zentral
7670;sehr zentral
7672;sehr zentral
7674;zentral
7675;zentral
7676;zentral
7677;zentral
7682;zentral
7683;zentral
7684;zentral
7685;zentral
7686;zentral
7687;zentral
7688;zentral
7689;peripher
7765;zentral
7769;zentral
7770;peripher
7771;peripher
7772;peripher
7773;peripher
7774;zentral
7775;peripher
7776;zentral
7777;peripher
7778;peripher
7779;peripher
7781;zentral
7783;zentral
7785;zentral
7786;zentral
7787;zentral
7788;zentral
7793;zentral
7794;zentral
7795;zentral
7796;zentral
7797;zentral
7804;zentral
7805;zentral
7807;zentral
7808;zentral
7809;peripher
7811;peripher
7812;peripher
7813;peripher
7814;peripher
7816;zentral
7817;peripher
7818;zentral
7819;zentral
7822;zentral
7823;zentral
7824;zentral
7825;zentral
7826;zentral
7831;zentral
7833;zentral
7834;zentral
7835;zentral
7846;zentral
7847;zentral
7853;peripher
7854;peripher
7855;peripher
7856;peripher
7857;peripher
7858;peripher
7859;peripher
7860;peripher
7862;zentral
7864;zentral
7865;zentral
7866;zentral
7871;peripher
7872;zentral
7873;peripher
7909;sehr zentral
7910;zentral
7911;zentral
7918;zentral
7919;zentral
7920;zentral
7921;zentral
7922;zentral
7923;zentral
7924;zentral
7925;zentral
7926;zentral
7927;zentral
7928;zentral
7929;zentral
7931;zentral
7933;zentral
7934;zentral
7935;zentral
7936;zentral
7937;zentral
7939;zentral
7940;zentral
7941;zentral
7942;zentral
7953;sehr zentral
7954;sehr zentral
7957;sehr zentral
7958;sehr zentral
7959;sehr zentral
7961;sehr zentral
7963;sehr zentral
7965;zentral
7966;zentral
7967;peripher
7968;zentral
7969;peripher
7971;zentral
7972;zentral
7973;zentral
7976;zentral
7977;zentral
7978;peripher
7979;zentral
7980;zentral
7982;peripher
7983;sehr peripher
7984;peripher
7985;sehr peripher
7986;sehr peripher
7987;peripher
8033;sehr zentral
8046;sehr zentral
8053;sehr zentral
8063;sehr zentral
8068;sehr zentral
8079;sehr zentral
8080;sehr zentral
8093;sehr zentral
8099;sehr zentral
8124;sehr zentral
8136;sehr zentral
8137;sehr zentral
8147;sehr zentral
8153;sehr zentral
8154;sehr zentral
8166;sehr zentral
8167;sehr zentral
8173;sehr zentral
8182;sehr zentral
8192;sehr zentral
8200;sehr zentral
8202;sehr zentral
8203;sehr zentral
8204;sehr zentral
8205;zentral
8206;sehr zentral
8211;sehr zentral
8213;sehr zentral
8214;sehr zentral
8215;sehr zentral
8216;sehr zentral
8217;sehr zentral
8219;sehr zentral
8220;sehr zentral
8221;sehr zentral
8222;sehr zentral
8223;sehr zentral
8225;sehr zentral
8226;zentral
8227;zentral
8228;zentral
8229;zentral
8231;sehr zentral
8232;zentral
8233;sehr zentral
8234;zentral
8236;peripher
8237;zentral
8238;peripher
8239;zentral
8240;peripher
8241;peripher
8243;peripher
8244;peripher
8246;sehr peripher
8247;peripher
8248;sehr peripher
8249;peripher
8251;zentral
8253;zentral
8254;zentral
8302;zentral
8304;zentral
8305;zentral
8306;zentral
8307;zentral
8308;zentral
8309;zentral
8310;zentral
8311;zentral
8312;peripher
8313;peripher
8320;zentral
8322;peripher
8323;zentral
8324;peripher
8325;peripher
8327;peripher
8330;peripher
8331;peripher
8332;peripher
8333;peripher
8334;peripher
8335;peripher
8336;peripher
8337;peripher
8339;zentral
8340;peripher
8341;peripher
8343;peripher
8345;peripher
8347;peripher
8348;peripher
8351;peripher
8352;peripher
8353;peripher
8354;peripher
8355;peripher
8356;peripher
8360;zentral
8362;zentral
8364;peripher
8366;peripher
8367;peripher
8368;peripher
8370;peripher
8371;zentral
8372;peripher
8373;zentral
8402;zentral
8403;zentral
8404;zentral
8405;peripher
8406;peripher
8407;zentral
8408;peripher
8409;zentral
8410;zentral
8413;peripher
8414;peripher
8415;peripher
8416;peripher
8417;peripher
8418;peripher
8430;peripher
8432;peripher
8433;peripher
8434;sehr peripher
8435;sehr peripher
8436;peripher
8437;sehr peripher
8438;sehr peripher
8440;peripher
8441;peripher
8442;peripher
8443;peripher
8445;peripher
8447;peripher
8448;peripher
8449;peripher
8450;peripher
8451;peripher
8452;peripher
8453;peripher
8454;peripher
8455;peripher
8456;peripher
8457;peripher
8504;peripher
8505;zentral
8507;zentral
8508;zentral
8509;zentral
8510;zentral
8511;peripher
8512;peripher
8513;peripher
8522;zentral
8523;zentral
8524;sehr zentral
8525;zentral
8527;zentral
8528;zentral
8529;zentral
8530;zentral
8535;zentral
8536;zentral
8537;sehr zentral
8538;sehr zentral
8539;zentral
8540;zentral
8541;zentral
8543;zentral
8544;zentral
8545;zentral
8546;zentral
8552;sehr zentral
8554;sehr zentral
8555;sehr zentral
8556;zentral
8557;sehr zentral
8558;sehr zentral
8559;sehr zentral
8560;sehr zentral
8561;zentral
8562;zentral
8563;sehr zentral
8564;sehr zentral
8565;zentral
8566;zentral
8571;sehr zentral
8573;sehr zentral
8574;sehr zentral
8575;sehr zentral
8576;sehr zentral
8577;sehr zentral
8615;sehr zentral
8616;zentral
8617;zentral
8619;zentral
8631;zentral
8634;zentral
8635;zentral
8636;zentral
8638;peripher
8639;zentral
8640;peripher
8641;zentral
8642;zentral
8643;zentral
8644;zentral
8645;zentral
8646;zentral
8647;peripher
8648;peripher
8649;zentral
8650;zentral
8651;peripher
8652;peripher
8655;zentral
8656;peripher
8657;zentral
8660;peripher
8663;peripher
8664;peripher
8665;peripher
8666;peripher
8667;peripher
8668;peripher
8669;peripher
8670;peripher
8672;peripher
8673;peripher
8674;peripher
8675;peripher
8680;zentral
8682;peripher
8683;peripher
8684;peripher
8685;zentral
8686;peripher
8687;peripher
8689;zentral
8691;zentral
8692;zentral
8693;zentral
8694;zentral
8695;peripher
8697;peripher
8698;peripher
8743;peripher
8744;peripher
8745;peripher
8746;peripher
8747;peripher
8748;peripher
8749;peripher
8750;peripher
8752;peripher
8753;peripher
8754;peripher
8756;sehr peripher
8760;peripher
8761;peripher
8762;peripher
8763;peripher
8764;peripher
8765;peripher
8766;peripher
8767;peripher
8770;peripher
8771;peripher
8772;peripher
8773;peripher
8774;peripher
8775;peripher
8776;peripher
8777;peripher
8778;peripher
8804;zentral
8806;zentral
8807;zentral
8808;zentral
8809;zentral
8813;zentral
8814;zentral
8816;peripher
8817;peripher
8821;zentral
8823;zentral
8825;zentral
8826;peripher
8827;peripher
8828;peripher
8829;peripher
8831;peripher
8832;peripher
8833;peripher
8834;peripher
8835;peripher
8836;peripher
8837;peripher
8840;peripher
8841;peripher
8842;peripher
8843;peripher
8844;peripher
8845;peripher
8847;peripher
8848;peripher
8849;peripher
8851;peripher
8852;peripher
8860;peripher
8863;peripher
8866;peripher
8867;peripher
8868;peripher
8869;peripher
8870;peripher
8871;peripher
8907;zentral
8908;zentral
8912;zentral
8913;zentral
8914;zentral
8915;peripher
8916;zentral
8917;zentral
8918;zentral
8919;zentral
8923;zentral
8925;zentral
8926;zentral
8927;zentral
8928;zentral
8929;zentral
8931;zentral
8933;zentral
8934;zentral
8935;zentral
8936;zentral
8940;peripher
8941;peripher
8942;peripher
8943;peripher
8944;peripher
8951;peripher
8952;zentral
8953;zentral
8954;zentral
8955;zentral
8956;peripher
8958;peripher
8959;peripher
8960;peripher
8961;peripher
9040;sehr zentral
9041;sehr zentral
9042;sehr zentral
9043;sehr zentral
9044;sehr zentral
9045;sehr zentral
9046;sehr zentral
9047;sehr zentral
9048;sehr zentral
9049;sehr zentral
9051;zentral
9052;sehr zentral
9053;zentral
9054;zentral
9055;zentral
9056;zentral
9057;zentral
9058;zentral
9059;zentral
9060;zentral
9061;zentral
9076;sehr zentral
9105;zentral
9107;zentral
9108;zentral
9109;zentral
9112;zentral
9115;zentral
9116;zentral
9117;peripher
9118;zentral
9120;zentral
9121;peripher
9122;zentral
9123;zentral
9124;zentral
9125;peripher
9127;peripher
9128;peripher
9130;zentral
9131;zentral
9132;zentral
9133;zentral
9134;peripher
9135;zentral
9136;zentral
9141;peripher
9143;peripher
9144;zentral
9145;peripher
9146;peripher
9147;peripher
9148;peripher
9152;peripher
9154;peripher
9155;peripher
9156;zentral
9157;peripher
9158;peripher
9159;peripher
9160;peripher
9161;peripher
9162;peripher
9163;peripher
9171;peripher
9172;peripher
9173;peripher
9174;peripher
9175;peripher
9178;peripher
9179;peripher
9180;peripher
9222;peripher
9223;peripher
9224;peripher
9225;peripher
9226;peripher
9227;peripher
9228;peripher
9231;zentral
9233;peripher
9234;zentral
9235;peripher
9236;peripher
9242;peripher
9243;peripher
9244;sehr peripher
9250;peripher
9252;sehr peripher
9253;peripher
9254;peripher
9255;sehr peripher
9263;peripher
9264;sehr peripher
9265;peripher
9266;peripher
9267;peripher
9268;peripher
9269;peripher
9270;peripher
9271;peripher
9272;peripher
9304;zentral
9305;zentral
9307;peripher
9308;peripher
9309;peripher
9310;peripher
9312;peripher
9313;peripher
9314;peripher
9315;peripher
9316;peripher
9317;peripher
9318;peripher
9319;peripher
9330;peripher
9332;peripher
9333;peripher
9334;peripher
9335;peripher
9341;sehr peripher
9342;sehr peripher
9343;sehr peripher
9344;sehr peripher
9345;sehr peripher
9346;sehr peripher
9347;sehr peripher
9348;sehr peripher
9349;sehr peripher
9403;peripher
9405;sehr peripher
9406;peripher
9407;sehr peripher
9408;peripher
9409;peripher
9410;sehr peripher
9411;sehr peripher
9412;peripher
9413;sehr peripher
9414;sehr peripher
9415;peripher
9416;sehr peripher
9420;sehr peripher
9422;sehr peripher
9423;sehr peripher
9424;sehr peripher
9425;sehr peripher
9426;sehr peripher
9431;peripher
9432;peripher
9433;peripher
9434;peripher
9435;peripher
9436;peripher
9437;peripher
9440;peripher
9441;peripher
9442;peripher
9443;peripher
9444;peripher
9446;peripher
9447;peripher
9448;peripher
9449;peripher
9450;peripher
9451;sehr peripher
9452;peripher
9453;peripher
9454;sehr peripher
9455;peripher
9456;peripher
9457;peripher
9502;peripher
9503;peripher
9510;peripher
9511;peripher
9512;peripher
9513;peripher
9514;peripher
9515;peripher
9516;peripher
9517;peripher
9518;peripher
9519;peripher
9521;peripher
9523;peripher
9532;peripher
9533;peripher
9534;peripher
9535;peripher
9536;peripher
9544;peripher
9546;peripher
9547;peripher
9548;peripher
9549;peripher
9550;peripher
9551;peripher
9561;peripher
9563;peripher
9564;sehr peripher
9565;peripher
9566;peripher
9567;peripher
9568;peripher
9569;peripher
9570;peripher
9604;zentral
9605;zentral
9610;peripher
9611;zentral
9612;zentral
9613;zentral
9614;peripher
9615;zentral
9616;zentral
9617;zentral
9618;peripher
9619;peripher
9621;peripher
9622;peripher
9623;peripher
9624;peripher
9625;peripher
9626;peripher
9627;peripher
9631;peripher
9632;peripher
9633;sehr peripher
9634;peripher
9635;sehr peripher
9636;peripher
9645;peripher
9646;peripher
9647;peripher
9648;peripher
9651;sehr peripher
9652;peripher
9707;zentral
9708;zentral
9719;zentral
9720;zentral
9721;peripher
9722;zentral
9723;zentral
9724;zentral
9725;peripher
9726;zentral
9727;zentral
9728;peripher
9729;zentral
9731;zentral
9732;zentral
9733;zentral
9734;peripher
9735;peripher
9742;zentral
9743;peripher
9744;peripher
9745;peripher
9746;zentral
9747;peripher
9748;peripher
9749;peripher
9750;zentral
9751;peripher
9752;peripher
9753;peripher
9761;peripher
9763;peripher
9764;peripher
9765;peripher
9768;peripher
9770;peripher
9771;peripher
9772;peripher
9773;peripher
9775;peripher
9776;peripher
9777;peripher
9778;peripher
9779;peripher
9781;peripher
9782;peripher
9783;peripher
9784;peripher
9785;peripher
9787;peripher
9789;peripher
9790;peripher
9792;peripher
9794;peripher
9795;peripher
9798;peripher
9799;peripher
9852;peripher
9853;peripher
9854;peripher
9855;peripher
9857;peripher
9858;peripher
9859;peripher
9861;peripher
9863;peripher
9864;sehr peripher
9866;sehr peripher
9867;peripher
9869;peripher
9870;peripher
9871;peripher
9872;sehr peripher
9873;sehr peripher
9874;sehr peripher
9908;zentral
9909;peripher
9910;peripher
9918;peripher
9919;peripher
9931;peripher
9932;peripher
9933;peripher
9942;peripher
9943;peripher
9944;peripher
9951;peripher
9961;peripher
9962;peripher
9963;peripher
9970;sehr peripher
9971;sehr peripher
9973;peripher
9975;peripher
9976;peripher
9981;peripher
9982;peripher
9983;peripher
9984;peripher
9986;peripher
9988;peripher
9989;peripher
9994;peripher
9995;peripher
9997;peripher
9998;peripher
9999;sehr peripher
